topic,frequency
病例,188
武汉,97
疫情,75
新闻,61
直播,50
美国,48
中国,37
确诊,33
肺炎,32
医院,28
防控,25
湖北,20
感染者,19
患者,19
新增,19
输入,18
感染,17
开学,16
链接,15
口罩,14
病毒,14
视频,14
检测,14
截至,13
新冠,12
钟南山,12
珠峰,12
人员,11
隔离,10
青春,9
组织,9
消费,8
学生,8
转发,8
地震,8
致敬,7
乘客,7
北京,7
工作,7
绥芬河,7
记者,6
出院,6
遗址,6
韩国,6
日本,6
时间,6
俄罗斯,5
总台,5
海军,5
黑龙江,5
航班,5
突发,5
发热,5
消毒剂,4
战疫,4
回国,4
航天,4
经济,4
潜水器,4
队员,4
印度,4
北京市,4
解封,4
取消,4
留学生,4
高校,4
回家,4
火灾,4
物资,4
风险,4
疫苗,4
试验,4
香港,4
国家,4
电影,4
开放,4
应急,3
英国,3
社区,3
毕业生,3
旅游,3
返校,3
景区,3
欧洲,3
大桥,3
死亡,3
入院,3
问题,3
投票,3
医疗队,3
脱贫,3
大家,3
恢复,3
治疗,3
飞机,3
集装箱,3
公共卫生,3
响应,3
接受,3
没有,3
陕西,3
表示,3
发生,3
举行,3
撤离,3
小区,3
劳动者,3
专家,3
野味,3
阳性,3
车辆,3
温州,2
孩子,2
牡丹江,2
纽约,2
音乐,2
婚纱照,2
西班牙,2
公布,2
窗帘,2
病房,2
集中,2
国际,2
会费,2
监狱,2
需要,2
出发,2
地球,2
迎来,2
政府,2
团队,2
巴基斯坦,2
西藏,2
安徽省,2
垃圾,2
纽约州,2
拥抱,2
道菜,2
同学,2
死刑,2
贫困县,2
火神,2
发布会,2
分享,2
考研,2
疾控中心,2
杭州,2
考试,2
老师,2
方舱,2
美景,2
雨生,2
指责,2
消防员,2
日晕,2
意大利,2
任务,2
拜年,2
解除,2
关闭,2
地方,2
旅客,2
加油,2
力量,2
牺牲,2
老人,2
做好,2
台湾,2
报告,2
大熊猫,2
院长,2
学校,2
观察,2
召开,2
气温,2
丈夫,2
预防,2
医护人员,2
老伴,2
妻子,2
铁路,2
施工,2
抵抗,2
医务人员,2
媒体,2
阅读,2
游客,2
全球,2
泰国,2
转存,2
首飞,2
绵阳,2
大使,2
山西,2
启动,2
复工,2
船员,2
春光,2
救回,2
实行,2
公益,2
请战,2
急救,2
火星,2
人民,2
书店,2
数据,2
校园,2
快递,2
通告,2
遗体,2
生活,2
导盲犬,2
形式主义,2
介绍,2
普洱,2
上海,2
就业,2
研究,1
高考,1
残运会,1
上升,1
环球,1
彩排,1
开始,1
聚首,1
软肋,1
可能,1
改善,1
夜游,1
账号,1
公交,1
文物,1
河北,1
邀约,1
过程,1
成长,1
本土,1
归来,1
撤出,1
澳大利亚,1
开市,1
通行证,1
空军,1
药店,1
扑救,1
珍视,1
出租车,1
扩散,1
超过,1
咳嗽,1
爱人,1
货物,1
青岛,1
测量,1
事件,1
机匣,1
振国,1
离开,1
名字,1
食物,1
发出,1
大体,1
居家,1
设计师,1
时代,1
伊朗,1
联合,1
收费,1
万物,1
布衣,1
水门,1
排查,1
绿色,1
事情,1
管弦乐团,1
重症,1
朋友圈,1
名单,1
非洲,1
定名,1
提醒,1
边境,1
局长,1
野生动物,1
联欢,1
泊位,1
方面,1
暴力,1
火场,1
保护,1
救援,1
小米,1
世界,1
出门,1
饭菜,1
级别,1
传播者,1
克罗地亚,1
过足,1
单杠,1
群体,1
来自,1
处理,1
市长,1
堇色,1
放假,1
活人,1
遇上,1
传媒,1
岂能,1
收藏,1
专业,1
遇难,1
违法,1
哈尔滨,1
监管局,1
女排,1
浙江,1
粮食,1
饲养员,1
专家组,1
节目,1
抗疫,1
研究院,1
暴雪,1
白衣,1
防护,1
讲话,1
磁浮,1
公安部,1
男子,1
奉献,1
女兵,1
民警,1
晒晒,1
落户,1
泉州市,1
流浪,1
喷溅,1
野餐,1
返程,1
逃犯,1
离世,1
假币,1
原油期货,1
沙市,1
自治区,1
深圳,1
无法,1
记得,1
结果,1
悲情,1
招生,1
仪式,1
结束,1
机动车,1
救治,1
善款,1
小时,1
锻造,1
血清,1
分会场,1
改造,1
涨价,1
散布,1
大赛,1
坚守岗位,1
论坛,1
全面,1
网课,1
本庶,1
排骨,1
疑似病例,1
热带雨林,1
保持,1
阴霾,1
注射,1
实现,1
艺术,1
考察,1
应该,1
实验室,1
出彩,1
意中人,1
报道,1
海蝶,1
教授,1
载人,1
抖动,1
奋斗,1
护航,1
看看,1
闪耀,1
埃塞俄比亚,1
持刀,1
证件,1
长治市,1
云南,1
新疆,1
混入,1
天问,1
祖国,1
补课,1
系统,1
同事,1
爸妈,1
间距,1
发布,1
火车站,1
网友,1
天象,1
女儿,1
位来,1
电视剧,1
传染病,1
机会,1
洋葱,1
家务活,1
持久战,1
江豚,1
昆士兰州,1
奋战,1
疑似,1
唠唠,1
高温,1
传人,1
窗口期,1
当局,1
压不垮,1
趣谈,1
马来西亚,1
通报,1
团聚,1
希望,1
弄堂,1
行动,1
守卫,1
修复,1
武汉长江大桥,1
历史,1
哽咽,1
检查,1
消毒液,1
父母,1
瀑布,1
院新冠,1
荧光,1
澳门,1
湖北省,1
重开,1
黄河,1
油菜花,1
莲藕,1
轨迹,1
公筷,1
转走,1
找到,1
特产,1
起来,1
升降台,1
委员会,1
超强,1
歌舞,1
亲戚,1
核试验,1
考生,1
科研,1
爆破,1
热门,1
使用,1
位数,1
午饭,1
难忘,1
说明,1
虎门,1
东京,1
坚持,1
委医,1
笔记,1
涉黑,1
专访,1
苹果,1
重点县,1
志愿,1
地铁,1
甘肃省,1
景点,1
吃饭,1
邮件,1
现场,1
美食,1
失控,1
德塞,1
沉管,1
常住,1
广东,1
店主,1
运输,1
确保,1
物品,1
战区,1
重启,1
献唱,1
支持,1
年货,1
孵化,1
酒店,1
帮助,1
精度,1
女童,1
收治,1
医生,1
进行,1
不能,1
汇算,1
缉毒,1
花儿,1
冲击,1
器材,1
蜘蛛侠,1
女子,1
读书,1
转移,1
弦乐,1
土耳其,1
梅州,1
木里,1
起点,1
抗击,1
大学生,1
相比,1
沟村,1
德国,1
累计,1
法国,1
苏州,1
餐馆,1
食用,1
山西省,1
老街,1
咖啡师,1
个位数,1
木雕,1
密集,1
流传,1
的哥,1
车间,1
发黄,1
联播,1
角落,1
咖啡,1
延长,1
老程,1
荷兰,1
故宫,1
限定,1
生产,1
适合,1
重点,1
停电,1
避免,1
大选,1
索赔,1
失利,1
电梯,1
艺术家,1
主持人,1
生机,1
老友,1
手机,1
良渚,1
黄冈,1
爆炸,1
留学人员,1
研究所,1
河南,1
携手,1
流星,1
存在,1
鞍山,1
军人,1
发射,1
开启,1
通风,1
星辰,1
消防车,1
上海市,1
梧州市,1
探测,1
天津,1
北归,1
袭击,1
防疫,1
四川,1
黄石市,1
战胜,1
脑出血,1
密歇根,1
有关,1
菲律宾,1
军队,1
职务,1
微博,1
挡不住,1
关注,1
退票,1
蜻蜓,1
聚集,1
出席,1
山东,1
怀念,1
始开,1
模具,1
热干面,1
公仔,1
电子,1
斜拉桥,1
垃圾桶,1
空间站,1
贵族,1
叮嘱,1
冰雹,1
新加坡,1
退役,1
星光,1
场所,1
北极,1
航母,1
守护,1
草案,1
世卫,1
箱包,1
教室,1
关心,1
自由职业者,1
医用,1
歌声,1
开枪,1
事故,1
加拿大,1
谣言,1
承担,1
复试,1
短信,1
说好,1
英雄,1
开心,1
传来,1
讲述,1
治病,1
房子,1
监护,1
华人,1
铭记,1
收费站,1
返京,1
重用,1
支援,1
听听,1
红区,1
参加,1
土方,1
接收,1
广西,1
挑战,1
纪律,1
春运,1
案例,1
冰镇,1
中巴,1
倒地,1
慰安妇,1
售罄,1
不知,1
援助,1
石窟,1
灵魂,1
县长,1
解锁,1
有没有,1
电视,1
巫山县,1
督导,1
累过,1
侦查,1
江苏省,1
国民经济,1
体检,1
王本学,1
熟悉,1
停诊,1
昵称,1
侧翻,1
直升机,1
毕业,1
回忆,1
反应,1
飞絮,1
纪录片,1
货官,1
云南省,1
博加,1
哔哩,1
窨井盖,1
外语,1
夫妻,1
动物园,1
洗头,1
高发,1
错过,1
拥堵,1
推迟,1
西城,1
拖延,1
任命,1
警方,1
距离,1
南丹县,1
京东,1
阻拦,1
银川,1
送别,1
成为,1
基站,1
继母,1
广州,1
规模,1
候鸟,1
锁骨,1
倡议,1
征名,1
扬州,1
导致,1
航空,1
航空公司,1
饺子,1
危机,1
感觉,1
月娥,1
封闭,1
黑暴,1
粉了,1
天河机场,1
连江县,1
相信,1
指令,1
表演,1
外贸,1
